[
    {"imgUrl":"dongjian.jpg","name":"洞见1","author":"admin","price":"200","remark":"这是一本好书"},
    {"imgUrl":"feizhouguilai.jpg","name":"洞见2","author":"admin","price":"200","remark":"这是一本好书"},
    {"imgUrl":"meilianchuzhuxi.jpg","name":"洞见3","author":"admin","price":"200","remark":"这是一本好书"},
    {"imgUrl":"tenxunchuan.jpg","name":"洞见4","author":"admin","price":"200","remark":"这是一本好书"},
    {"imgUrl":"yuannideqingchunbufumengxiang.jpg","name":"洞见5","author":"admin","price":"200","remark":"这是一本好书"}
]